0, 0, Header, 1, 2, 960,
1, 0, Start_track,,,,
1, 0, Time_signature, 6, 3, 36, 8
1, 0, Key_signature, 0," ""major""",,
1, 0, Tempo, 571428,,,
1, 0, Title_t," ""Westworld Main Theme""",,,
1, 0, Text_t," ""Ramin Djawadi""",,,
1, 0, Copyright_t," ""Copyright Â© Lunar Black""",,,
1, 1, End_track,,,,
2, 0, Start_track,,,,
2, 0, Program_c, 0, 0,,
2, 0, Control_c, 0, 121, 0,
2, 0, Control_c, 0, 64, 0,
2, 0, Control_c, 0, 91, 48,
2, 0, Control_c, 0, 10, 51,
2, 0, Control_c, 0, 7, 100,
2, 0, Control_c, 0, 121, 0,
2, 0, Control_c, 0, 64, 0,
2, 0, Control_c, 0, 91, 48,
2, 0, Control_c, 0, 10, 51,
2, 0, Control_c, 0, 7, 100,
2, 0, Title_t," ""Piano""",,,
2,0, Note_on_c, 0,60.0,70,
2,0, Note_on_c, 0,50.0,72,
2,0, Note_on_c, 0,57.0,77,
2,0, Note_on_c, 0,62.0,72,
2,960, Note_on_c, 0,55.0,74,
2,960, Note_off_c, 0,50.0,0,
2,960, Note_on_c, 0,50.0,79,
2,960, Note_off_c, 0,50.0,0,
2,1920, Note_off_c, 0,60.0,0,
2,1920, Note_on_c, 0,77.0,76,
2,1920, Note_on_c, 0,64.0,73,
2,1920, Note_on_c, 0,46.0,78,
2,2880, Note_on_c, 0,60.0,74,
2,2880, Note_off_c, 0,64.0,0,
2,2880, Note_off_c, 0,46.0,0,
2,2880, Note_on_c, 0,45.0,78,
2,2880, Note_on_c, 0,33.0,78,
2,2880, Note_off_c, 0,77.0,0,
2,3840, Note_off_c, 0,45.0,0,
2,3840, Note_on_c, 0,76.0,73,
2,3840, Note_off_c, 0,33.0,0,
2,3840, Note_off_c, 0,62.0,0,
2,4800, Note_on_c, 0,52.0,74,
2,4800, Note_on_c, 0,47.0,75,
2,4800, Note_off_c, 0,57.0,0,
2,4800, Note_on_c, 0,50.0,74,
2,4800, Note_on_c, 0,43.0,72,
2,4800, Note_on_c, 0,64.0,79,
2,5760, Note_off_c, 0,43.0,0,
2,5760, Note_on_c, 0,62.0,75,
2,5760, Note_on_c, 0,48.0,77,
2,5760, Note_off_c, 0,64.0,0,
2,5760, Note_on_c, 0,45.0,80,
2,5760, Note_off_c, 0,45.0,0,
2,6720, Note_on_c, 0,33.0,75,
2,6720, Note_on_c, 0,45.0,77,
2,6720, Note_on_c, 0,69.0,75,
2,6720, Note_off_c, 0,52.0,0,
2,7680, Note_on_c, 0,64.0,72,
2,7680, Note_off_c, 0,45.0,0,
2,7680, Note_off_c, 0,33.0,0,
2,7680, Note_on_c, 0,68.0,75,
2,8640, Note_on_c, 0,65.0,76,
2,8640, Note_on_c, 0,45.0,76,
2,8640, Note_on_c, 0,105.0,74,
2,8640, Note_on_c, 0,77.0,71,
2,8640, Note_off_c, 0,45.0,0,
2,8640, Note_on_c, 0,46.0,79,
2,9600, Note_on_c, 0,31.0,84,
2,9600, Note_off_c, 0,48.0,0,
2,9600, Note_off_c, 0,31.0,0,
2,9600, Note_on_c, 0,58.0,78,
2,10560, Note_on_c, 0,57.0,81,
2,10560, Note_on_c, 0,45.0,80,
2,10560, Note_off_c, 0,45.0,0,
2,10560, Note_off_c, 0,65.0,0,
2,11520, Note_off_c, 0,50.0,0,
2,11520, Note_on_c, 0,52.0,79,
2,11520, Note_off_c, 0,47.0,0,
2,11520, Note_on_c, 0,50.0,78,
2,11520, Note_off_c, 0,64.0,0,
2,11520, Note_off_c, 0,76.0,0,
2,11520, Note_on_c, 0,64.0,77,
2,12480, Note_on_c, 0,76.0,76,
2,12480, Note_on_c, 0,33.0,75,
2,12480, Note_on_c, 0,45.0,76,
2,12480, Note_off_c, 0,105.0,0,
2,12480, Note_off_c, 0,60.0,0,
2,12480, Note_on_c, 0,65.0,77,
2,13440, Note_on_c, 0,67.0,76,
2,13440, Note_off_c, 0,45.0,0,
2,13440, Note_on_c, 0,45.0,75,
2,13440, Note_off_c, 0,45.0,0,
2,14400, Note_off_c, 0,65.0,0,
2,14400, Note_on_c, 0,60.0,75,
2,14400, Note_off_c, 0,77.0,0,
2,14400, Note_off_c, 0,33.0,0,
2,14400, Note_on_c, 0,77.0,71,
2,14400, Note_on_c, 0,47.0,70,
2,14400, Note_off_c, 0,57.0,0,
2,14400, Note_on_c, 0,43.0,76,
2,15360, Note_on_c, 0,74.0,70,
2,15360, Note_on_c, 0,31.0,73,
2,15360, Note_off_c, 0,62.0,0,
2,15360, Note_off_c, 0,76.0,0,
2,15360, Note_off_c, 0,74.0,0,
2,15360, Note_off_c, 0,55.0,0,
2,16320, Note_off_c, 0,58.0,0,
2,16320, Note_off_c, 0,50.0,0,
2,16320, Note_on_c, 0,50.0,76,
2,16320, Note_on_c, 0,74.0,74,
2,16320, Note_off_c, 0,50.0,0,
2,16320, Note_on_c, 0,62.0,73,
2,17280, Note_off_c, 0,74.0,0,
2,17280, Note_on_c, 0,33.0,76,
2,17280, Note_off_c, 0,69.0,0,
2,17280, Note_off_c, 0,64.0,0,
2,17280, Note_on_c, 0,45.0,78,
2,17280, Note_off_c, 0,60.0,0,
2,18240, Note_on_c, 0,57.0,75,
2,18240, Note_off_c, 0,47.0,0,
2,18240, Note_on_c, 0,48.0,78,
2,18240, Note_off_c, 0,52.0,0,
2,19200, Note_on_c, 0,52.0,80,
2,19200, Note_on_c, 0,69.0,75,
2,19200, Note_off_c, 0,52.0,0,
2,19200, Note_off_c, 0,45.0,0,
2,20160, Note_on_c, 0,65.0,78,
2,20160, Note_on_c, 0,45.0,75,
2,20160, Note_off_c, 0,45.0,0,
2,20160, Note_on_c, 0,45.0,77,
2,20160, Note_off_c, 0,45.0,0,
2,20160, Note_on_c, 0,45.0,72,
2,20160, Note_off_c, 0,57.0,0,
2,21120, Note_on_c, 0,76.0,78,
2,21120, Note_on_c, 0,74.0,85,
2,21120, Note_on_c, 0,60.0,78,
2,21120, Note_on_c, 0,58.0,75,
2,22080, Note_off_c, 0,43.0,0,
2,22080, Note_on_c, 0,64.0,70,
2,22080, Note_on_c, 0,50.0,74,
2,22080, Note_off_c, 0,76.0,0,
2,23040, Note_on_c, 0,53.0,76,
2,23040, Note_on_c, 0,105.0,70,
2,23040, Note_off_c, 0,45.0,0,
2,23040, Note_off_c, 0,64.0,0,
2,23040, Note_on_c, 0,45.0,69,
2,23040, Note_on_c, 0,57.0,74,
2,24000, Note_on_c, 0,40.0,76,
2,24000, Note_on_c, 0,41.0,78,
2,24000, Note_off_c, 0,60.0,0,
2,24000, Note_off_c, 0,45.0,0,
2,24000, Note_off_c, 0,74.0,0,
2,24960, Note_on_c, 0,45.0,81,
2,24960, Note_on_c, 0,44.0,76,
2,24960, Note_on_c, 0,43.0,73,
2,24960, Note_off_c, 0,62.0,0,
2,25920, Note_on_c, 0,72.0,77,
2,25920, Note_on_c, 0,29.0,77,
2,25920, Note_off_c, 0,41.0,0,
2,25920, Note_off_c, 0,40.0,0,
2,25920, Note_on_c, 0,41.0,76,
2,25920, Note_off_c, 0,41.0,0,
2,25920, Note_on_c, 0,41.0,73,
2,25920, Note_off_c, 0,41.0,0,
2,26880, Note_on_c, 0,41.0,71,
2,26880, Note_off_c, 0,29.0,0,
2,26880, Note_on_c, 0,29.0,70,
2,26880, Note_off_c, 0,41.0,0,
2,26880, Note_on_c, 0,41.0,73,
2,26880, Note_off_c, 0,41.0,0,
2,27840, Note_off_c, 0,29.0,0,
2,27840, Note_on_c, 0,41.0,78,
2,27840, Note_off_c, 0,41.0,0,
2,27840, Note_on_c, 0,41.0,77,
2,27840, Note_on_c, 0,40.0,75,
2,27840, Note_off_c, 0,40.0,0,
2,28800, Note_off_c, 0,41.0,0,
2,28800, Note_on_c, 0,41.0,78,
2,28800, Note_off_c, 0,41.0,0,
2,28800, Note_on_c, 0,29.0,79,
2,28800, Note_on_c, 0,41.0,75,
2,28800, Note_off_c, 0,29.0,0,
2,28800, Note_on_c, 0,40.0,74,
2,28800, Note_off_c, 0,40.0,0,
2,29760, Note_on_c, 0,40.0,75,
2,29760, Note_off_c, 0,40.0,0,
2,29760, Note_off_c, 0,41.0,0,
2,29760, Note_on_c, 0,41.0,74,
2,30720, Note_on_c, 0,34.0,75,
2,30720, Note_off_c, 0,45.0,0,
2,30720, Note_on_c, 0,45.0,77,
2,30720, Note_off_c, 0,45.0,0,
2,31680, Note_on_c, 0,64.0,76,
2,31680, Note_on_c, 0,79.0,77,
2,31680, Note_on_c, 0,45.0,83,
2,31680, Note_off_c, 0,46.0,0,
2,31680, Note_off_c, 0,67.0,0,
2,31680, Note_off_c, 0,45.0,0,
2,31680, Note_on_c, 0,45.0,81,
2,32640, Note_off_c, 0,45.0,0,
2,32640, Note_off_c, 0,65.0,0,
2,32640, Note_off_c, 0,64.0,0,
2,32640, Note_on_c, 0,64.0,75,
2,33600, Note_on_c, 0,45.0,71,
2,33600, Note_off_c, 0,57.0,0,
2,33600, Note_on_c, 0,47.0,84,
2,33600, Note_on_c, 0,60.0,74,
2,34560, Note_off_c, 0,50.0,0,
2,34560, Note_off_c, 0,47.0,0,
2,34560, Note_off_c, 0,69.0,0,
2,34560, Note_on_c, 0,74.0,80,
2,34560, Note_on_c, 0,76.0,74,
2,34560, Note_off_c, 0,74.0,0,
2,34560, Note_off_c, 0,60.0,0,
2,35520, Note_off_c, 0,43.0,0,
2,35520, Note_off_c, 0,64.0,0,
2,35520, Note_on_c, 0,64.0,79,
2,35520, Note_off_c, 0,72.0,0,
2,35520, Note_on_c, 0,67.0,75,
2,35520, Note_on_c, 0,65.0,80,
2,36480, Note_off_c, 0,77.0,0,
2,36480, Note_off_c, 0,33.0,0,
2,36480, Note_off_c, 0,76.0,0,
2,36480, Note_off_c, 0,45.0,0,
2,37440, Note_on_c, 0,45.0,73,
2,37440, Note_on_c, 0,43.0,77,
2,37440, Note_off_c, 0,58.0,0,
2,37440, Note_on_c, 0,72.0,79,
2,37440, Note_on_c, 0,62.0,76,
2,37440, Note_on_c, 0,60.0,74,
2,37440, Note_off_c, 0,31.0,0,
2,37440, Note_off_c, 0,68.0,0,
2,38400, Note_off_c, 0,62.0,0,
2,38400, Note_on_c, 0,36.0,73,
2,38400, Note_on_c, 0,69.0,72,
2,38400, Note_off_c, 0,69.0,0,
2,38400, Note_off_c, 0,43.0,0,
2,38400, Note_on_c, 0,55.0,72,
2,39360, Note_on_c, 0,74.0,74,
2,39360, Note_on_c, 0,62.0,75,
2,39360, Note_on_c, 0,43.0,77,
2,39360, Note_off_c, 0,65.0,0,
2,39360, Note_on_c, 0,68.0,78,
2,39360, Note_on_c, 0,52.0,69,
2,40320, Note_on_c, 0,50.0,73,
2,40320, Note_off_c, 0,52.0,0,
2,40320, Note_on_c, 0,69.0,76,
2,40320, Note_on_c, 0,52.0,75,
2,40320, Note_on_c, 0,57.0,79,
2,40320, Note_off_c, 0,57.0,0,
2,41280, Note_off_c, 0,60.0,0,
2,41280, Note_off_c, 0,48.0,0,
2,41280, Note_off_c, 0,45.0,0,
2,41280, Note_off_c, 0,68.0,0,
2,42240, Note_off_c, 0,52.0,0,
2,42240, Note_on_c, 0,47.0,76,
2,42240, Note_off_c, 0,55.0,0,
2,42240, Note_off_c, 0,62.0,0,
2,43200, Note_off_c, 0,50.0,0,
2,43200, Note_off_c, 0,72.0,0,
2,43200, Note_off_c, 0,43.0,0,
2,43200, Note_on_c, 0,62.0,74,
2,43200, Note_on_c, 0,40.0,78,
2,43200, Note_off_c, 0,74.0,0,
2,43200, Note_on_c, 0,58.0,72,
2,44160, Note_off_c, 0,64.0,0,
2,44160, Note_on_c, 0,70.0,74,
2,44160, Note_off_c, 0,62.0,0,
2,44160, Note_off_c, 0,41.0,0,
2,45120, Note_on_c, 0,28.0,80,
2,45120, Note_on_c, 0,57.0,78,
2,45120, Note_off_c, 0,57.0,0,
2,45120, Note_on_c, 0,41.0,76,
2,46080, Note_on_c, 0,64.0,74,
2,46080, Note_on_c, 0,38.0,73,
2,46080, Note_off_c, 0,34.0,0,
2,46080, Note_on_c, 0,76.0,75,
2,46080, Note_on_c, 0,60.0,78,
2,46080, Note_on_c, 0,50.0,76,
2,47040, Note_on_c, 0,52.0,71,
2,47040, Note_off_c, 0,64.0,0,
2,47040, Note_on_c, 0,93.0,74,
2,47040, Note_off_c, 0,105.0,0,
2,47040, Note_on_c, 0,64.0,74,
2,48000, Note_on_c, 0,45.0,71,
2,48000, Note_off_c, 0,45.0,0,
2,48000, Note_on_c, 0,45.0,72,
2,48000, Note_on_c, 0,33.0,69,
2,48960, Note_off_c, 0,45.0,0,
2,48960, Note_off_c, 0,64.0,0,
2,48960, Note_on_c, 0,45.0,77,
2,48960, Note_off_c, 0,33.0,0,
2,48960, Note_on_c, 0,65.0,79,
2,48960, Note_on_c, 0,46.0,77,
2,48960, Note_off_c, 0,65.0,0,
2,48960, Note_on_c, 0,65.0,74,
2,49920, Note_off_c, 0,67.0,0,
2,49920, Note_off_c, 0,45.0,0,
2,49920, Note_on_c, 0,45.0,75,
2,49920, Note_off_c, 0,45.0,0,
2,49920, Note_off_c, 0,50.0,0,
2,49920, Note_on_c, 0,50.0,79,
2,50880, Note_off_c, 0,50.0,0,
2,50880, Note_on_c, 0,50.0,79,
2,50880, Note_on_c, 0,57.0,76,
2,50880, Note_off_c, 0,52.0,0,
2,51840, Note_off_c, 0,58.0,0,
2,51840, Note_off_c, 0,50.0,0,
2,51840, Note_on_c, 0,50.0,78,
2,51840, Note_off_c, 0,50.0,0,
2,51840, Note_off_c, 0,57.0,0,
2,51840, Note_off_c, 0,60.0,0,
2,51840, Note_on_c, 0,45.0,74,
2,51840, Note_on_c, 0,57.0,78,
2,52800, Note_on_c, 0,52.0,80,
2,52800, Note_on_c, 0,50.0,75,
2,52800, Note_off_c, 0,45.0,0,
2,52800, Note_off_c, 0,69.0,0,
2,53760, Note_off_c, 0,57.0,0,
2,53760, Note_on_c, 0,64.0,77,
2,53760, Note_on_c, 0,77.0,78,
2,53760, Note_off_c, 0,47.0,0,
2,54720, Note_off_c, 0,52.0,0,
2,54720, Note_on_c, 0,55.0,75,
2,54720, Note_on_c, 0,45.0,80,
2,54720, Note_off_c, 0,65.0,0,
2,54720, Note_on_c, 0,69.0,76,
2,54720, Note_on_c, 0,33.0,94,
2,54720, Note_off_c, 0,76.0,0,
2,55680, Note_on_c, 0,95.0,95,
2,55680, Note_off_c, 0,45.0,0,
2,55680, Note_off_c, 0,50.0,0,
2,55680, Note_on_c, 0,47.0,81,
2,56640, Note_on_c, 0,52.0,85,
2,56640, Note_on_c, 0,71.0,84,
2,56640, Note_off_c, 0,52.0,0,
2,56640, Note_on_c, 0,50.0,84,
2,57600, Note_off_c, 0,50.0,0,
2,57600, Note_off_c, 0,64.0,0,
2,57600, Note_on_c, 0,76.0,85,
2,57600, Note_on_c, 0,65.0,74,
2,57600, Note_on_c, 0,45.0,73,
2,57600, Note_on_c, 0,60.0,69,
2,57600, Note_off_c, 0,77.0,0,
2,58560, Note_off_c, 0,60.0,0,
2,58560, Note_off_c, 0,46.0,0,
2,58560, Note_on_c, 0,64.0,80,
2,58560, Note_off_c, 0,45.0,0,
2,58560, Note_on_c, 0,45.0,85,
2,58560, Note_off_c, 0,33.0,0,
2,58560, Note_on_c, 0,33.0,86,
2,58560, Note_on_c, 0,77.0,75,
2,58560, Note_on_c, 0,58.0,74,
2,58560, Note_on_c, 0,50.0,77,
2,58560, Note_on_c, 0,52.0,70,
2,58560, Note_on_c, 0,57.0,71,
2,59520, Note_off_c, 0,50.0,0,
2,59520, Note_on_c, 0,50.0,72,
2,59520, Note_on_c, 0,67.0,80,
2,59520, Note_off_c, 0,45.0,0,
2,59520, Note_on_c, 0,45.0,73,
2,59520, Note_off_c, 0,77.0,0,
2,59520, Note_off_c, 0,64.0,0,
2,59520, Note_off_c, 0,69.0,0,
2,60480, Note_on_c, 0,60.0,61,
2,60480, Note_off_c, 0,45.0,0,
2,60480, Note_off_c, 0,65.0,0,
2,60480, Note_on_c, 0,45.0,79,
2,60480, Note_on_c, 0,62.0,77,
2,60480, Note_on_c, 0,64.0,78,
2,60480, Note_off_c, 0,45.0,0,
2,60480, Note_on_c, 0,45.0,77,
2,60480, Note_off_c, 0,76.0,0,
2,60480, Note_off_c, 0,67.0,0,
2,60480, Note_off_c, 0,45.0,0,
2,60480, Note_on_c, 0,77.0,75,
2,61440, Note_on_c, 0,34.0,85,
2,61440, Note_off_c, 0,64.0,0,
2,61440, Note_on_c, 0,45.0,79,
2,61440, Note_off_c, 0,45.0,0,
2,61440, Note_off_c, 0,95.0,0,
2,61440, Note_on_c, 0,65.0,80,
2,61440, Note_on_c, 0,45.0,81,
2,61440, Note_on_c, 0,64.0,78,
2,62400, Note_off_c, 0,45.0,0,
2,62400, Note_on_c, 0,67.0,75,
2,62400, Note_off_c, 0,77.0,0,
2,62400, Note_off_c, 0,57.0,0,
2,63360, Note_off_c, 0,47.0,0,
2,63360, Note_on_c, 0,57.0,72,
2,63360, Note_off_c, 0,64.0,0,
2,63360, Note_on_c, 0,72.0,81,
2,63360, Note_off_c, 0,53.0,0,
2,63360, Note_on_c, 0,31.0,81,
2,63360, Note_off_c, 0,60.0,0,
2,63360, Note_on_c, 0,74.0,75,
2,64320, Note_off_c, 0,52.0,0,
2,64320, Note_on_c, 0,52.0,69,
2,64320, Note_off_c, 0,57.0,0,
2,64320, Note_off_c, 0,50.0,0,
2,64320, Note_on_c, 0,47.0,79,
2,64320, Note_on_c, 0,50.0,77,
2,65280, Note_on_c, 0,57.0,74,
2,65280, Note_off_c, 0,52.0,0,
2,65280, Note_off_c, 0,47.0,0,
2,65280, Note_off_c, 0,38.0,0,
2,65280, Note_off_c, 0,72.0,0,
2,65280, Note_off_c, 0,74.0,0,
2,66240, Note_off_c, 0,57.0,0,
2,66240, Note_on_c, 0,52.0,71,
2,66240, Note_off_c, 0,52.0,0,
2,66240, Note_on_c, 0,52.0,79,
2,66240, Note_off_c, 0,50.0,0,
2,66240, Note_off_c, 0,36.0,0,
2,67200, Note_on_c, 0,53.0,81,
2,67200, Note_off_c, 0,62.0,0,
2,67200, Note_on_c, 0,74.0,79,
2,67200, Note_on_c, 0,62.0,79,
2,67200, Note_on_c, 0,43.0,76,
2,67200, Note_off_c, 0,67.0,0,
2,68160, Note_on_c, 0,64.0,68,
2,68160, Note_off_c, 0,64.0,0,
2,68160, Note_off_c, 0,40.0,0,
2,68160, Note_on_c, 0,45.0,81,
2,68160, Note_off_c, 0,45.0,0,
2,68160, Note_on_c, 0,68.0,78,
2,69120, Note_on_c, 0,64.0,78,
2,69120, Note_on_c, 0,45.0,81,
2,69120, Note_on_c, 0,46.0,79,
2,69120, Note_off_c, 0,45.0,0,
2,69120, Note_off_c, 0,33.0,0,
2,69120, Note_off_c, 0,64.0,0,
2,70080, Note_off_c, 0,68.0,0,
2,70080, Note_on_c, 0,76.0,76,
2,70080, Note_on_c, 0,64.0,75,
2,70080, Note_on_c, 0,45.0,78,
2,70080, Note_off_c, 0,34.0,0,
2,70080, Note_off_c, 0,45.0,0,
2,70080, Note_on_c, 0,57.0,83,
2,70080, Note_off_c, 0,52.0,0,
2,70080, Note_on_c, 0,52.0,83,
2,70080, Note_off_c, 0,46.0,0,
2,70080, Note_on_c, 0,77.0,73,
2,70080, Note_on_c, 0,50.0,70,
2,71040, Note_on_c, 0,47.0,72,
2,71040, Note_off_c, 0,50.0,0,
2,71040, Note_off_c, 0,52.0,0,
2,71040, Note_on_c, 0,52.0,72,
2,71040, Note_on_c, 0,45.0,69,
2,71040, Note_off_c, 0,45.0,0,
2,71040, Note_off_c, 0,64.0,0,
2,71040, Note_on_c, 0,60.0,68,
2,72000, Note_on_c, 0,64.0,85,
2,72000, Note_off_c, 0,74.0,0,
2,72000, Note_off_c, 0,58.0,0,
2,72000, Note_off_c, 0,52.0,0,
2,72000, Note_on_c, 0,52.0,68,
2,72000, Note_off_c, 0,64.0,0,
2,72000, Note_on_c, 0,45.0,59,
2,72000, Note_on_c, 0,64.0,77,
2,72000, Note_off_c, 0,64.0,0,
2,72000, Note_on_c, 0,64.0,73,
2,72000, Note_off_c, 0,45.0,0,
2,72000, Note_on_c, 0,33.0,80,
2,72960, Note_on_c, 0,45.0,75,
2,72960, Note_off_c, 0,47.0,0,
2,72960, Note_off_c, 0,52.0,0,
2,72960, Note_off_c, 0,57.0,0,
2,72960, Note_on_c, 0,50.0,78,
2,72960, Note_on_c, 0,52.0,85,
2,72960, Note_off_c, 0,52.0,0,
2,72960, Note_off_c, 0,50.0,0,
2,73920, Note_on_c, 0,57.0,74,
2,73920, Note_on_c, 0,48.0,74,
2,73920, Note_on_c, 0,52.0,79,
2,73920, Note_off_c, 0,52.0,0,
2,74880, Note_on_c, 0,81.0,84,
2,74880, Note_off_c, 0,48.0,0,
2,74880, Note_on_c, 0,50.0,77,
2,74880, Note_on_c, 0,52.0,73,
2,74880, Note_off_c, 0,45.0,0,
2,74880, Note_on_c, 0,45.0,80,
2,74880, Note_off_c, 0,50.0,0,
2,74880, Note_off_c, 0,65.0,0,
2,75840, Note_off_c, 0,45.0,0,
2,75840, Note_on_c, 0,45.0,83,
2,75840, Note_on_c, 0,50.0,74,
2,75840, Note_off_c, 0,57.0,0,
2,75840, Note_off_c, 0,50.0,0,
2,75840, Note_on_c, 0,47.0,69,
2,76800, Note_on_c, 0,50.0,78,
2,76800, Note_off_c, 0,33.0,0,
2,76800, Note_on_c, 0,46.0,84,
2,76800, Note_off_c, 0,64.0,0,
2,76800, Note_on_c, 0,33.0,77,
2,76800, Note_off_c, 0,45.0,0,
2,77760, Note_off_c, 0,47.0,0,
2,77760, Note_on_c, 0,95.0,74,
2,77760, Note_on_c, 0,65.0,82,
2,77760, Note_off_c, 0,65.0,0,
2,77760, Note_off_c, 0,93.0,0,
2,77760, Note_on_c, 0,64.0,74,
2,78720, Note_on_c, 0,45.0,83,
2,78720, Note_on_c, 0,105.0,95,
2,78720, Note_off_c, 0,62.0,0,
2,78720, Note_on_c, 0,68.0,84,
2,78720, Note_off_c, 0,45.0,0,
2,78720, Note_on_c, 0,65.0,69,
2,79680, Note_on_c, 0,45.0,86,
2,79680, Note_off_c, 0,45.0,0,
2,79680, Note_off_c, 0,68.0,0,
2,79680, Note_on_c, 0,69.0,82,
2,79680, Note_off_c, 0,50.0,0,
2,79680, Note_on_c, 0,50.0,84,
2,80640, Note_off_c, 0,69.0,0,
2,80640, Note_on_c, 0,45.0,82,
2,80640, Note_off_c, 0,45.0,0,
2,80640, Note_on_c, 0,47.0,72,
2,80640, Note_off_c, 0,46.0,0,
2,80640, Note_on_c, 0,68.0,73,
2,81600, Note_off_c, 0,95.0,0,
2,81600, Note_on_c, 0,45.0,74,
2,81600, Note_off_c, 0,76.0,0,
2,81600, Note_off_c, 0,45.0,0,
2,81600, Note_on_c, 0,45.0,82,
2,81600, Note_off_c, 0,50.0,0,
2,81600, Note_off_c, 0,52.0,0,
2,81600, Note_off_c, 0,33.0,0,
2,81600, Note_off_c, 0,45.0,0,
2,81600, Note_on_c, 0,46.0,80,
2,81600, Note_on_c, 0,45.0,79,
2,81600, Note_off_c, 0,68.0,0,
2,82560, Note_on_c, 0,76.0,73,
2,82560, Note_off_c, 0,65.0,0,
2,82560, Note_on_c, 0,62.0,76,
2,82560, Note_on_c, 0,52.0,76,
2,82560, Note_off_c, 0,44.0,0,
2,82560, Note_on_c, 0,69.0,67,
2,82560, Note_on_c, 0,57.0,71,
2,82560, Note_off_c, 0,55.0,0,
2,83520, Note_off_c, 0,70.0,0,
2,83520, Note_off_c, 0,43.0,0,
2,83520, Note_on_c, 0,55.0,71,
2,83520, Note_on_c, 0,50.0,86,
2,83520, Note_on_c, 0,68.0,75,
2,83520, Note_off_c, 0,45.0,0,
2,83520, Note_off_c, 0,52.0,0,
2,83520, Note_off_c, 0,69.0,0,
2,83520, Note_on_c, 0,45.0,73,
2,83520, Note_off_c, 0,62.0,0,
2,83520, Note_off_c, 0,57.0,0,
2,83520, Note_on_c, 0,57.0,79,
2,84480, Note_on_c, 0,52.0,75,
2,84480, Note_off_c, 0,31.0,0,
2,84480, Note_on_c, 0,70.0,77,
2,84480, Note_off_c, 0,53.0,0,
2,84480, Note_off_c, 0,55.0,0,
2,84480, Note_off_c, 0,50.0,0,
2,84480, Note_off_c, 0,60.0,0,
2,84480, Note_on_c, 0,53.0,85,
2,85440, Note_on_c, 0,72.0,86,
2,85440, Note_on_c, 0,48.0,73,
2,85440, Note_on_c, 0,43.0,70,
2,85440, Note_on_c, 0,60.0,70,
2,85440, Note_off_c, 0,46.0,0,
2,85440, Note_off_c, 0,68.0,0,
2,85440, Note_off_c, 0,45.0,0,
2,85440, Note_off_c, 0,41.0,0,
2,86400, Note_on_c, 0,50.0,72,
2,86400, Note_off_c, 0,57.0,0,
2,86400, Note_on_c, 0,41.0,79,
2,86400, Note_off_c, 0,41.0,0,
2,86400, Note_on_c, 0,40.0,76,
2,86400, Note_on_c, 0,41.0,83,
2,86400, Note_off_c, 0,40.0,0,
2,86400, Note_off_c, 0,41.0,0,
2,87360, Note_on_c, 0,41.0,77,
2,87360, Note_on_c, 0,40.0,76,
2,87360, Note_off_c, 0,41.0,0,
2,87360, Note_on_c, 0,41.0,79,
2,87360, Note_off_c, 0,40.0,0,
2,87360, Note_on_c, 0,57.0,82,
2,88320, Note_off_c, 0,41.0,0,
2,88320, Note_on_c, 0,41.0,72,
2,88320, Note_on_c, 0,29.0,76,
2,88320, Note_off_c, 0,41.0,0,
2,88320, Note_on_c, 0,33.0,82,
2,88320, Note_off_c, 0,76.0,0,
2,89280, Note_on_c, 0,45.0,79,
2,89280, Note_off_c, 0,45.0,0,
2,89280, Note_on_c, 0,65.0,74,
2,89280, Note_off_c, 0,65.0,0,
2,89280, Note_on_c, 0,41.0,77,
2,89280, Note_off_c, 0,50.0,0,
2,90240, Note_off_c, 0,60.0,0,
2,90240, Note_on_c, 0,50.0,81,
2,90240, Note_on_c, 0,67.0,79,
2,90240, Note_on_c, 0,76.0,76,
2,90240, Note_on_c, 0,60.0,79,
2,90240, Note_on_c, 0,69.0,76,
2,91200, Note_on_c, 0,45.0,71,
2,91200, Note_off_c, 0,81.0,0,
2,91200, Note_off_c, 0,57.0,0,
2,91200, Note_off_c, 0,33.0,0,
2,91200, Note_off_c, 0,79.0,0,
2,91200, Note_off_c, 0,76.0,0,
2,92160, Note_on_c, 0,62.0,85,
2,92160, Note_on_c, 0,74.0,78,
2,92160, Note_off_c, 0,50.0,0,
2,92160, Note_on_c, 0,58.0,74,
2,92160, Note_on_c, 0,50.0,77,
2,92160, Note_off_c, 0,58.0,0,
2,93120, Note_off_c, 0,60.0,0,
2,93120, Note_off_c, 0,43.0,0,
2,93120, Note_off_c, 0,69.0,0,
2,93120, Note_off_c, 0,53.0,0,
2,93120, Note_off_c, 0,48.0,0,
2,93120, Note_off_c, 0,45.0,0,
2,94080, Note_on_c, 0,45.0,68,
2,94080, Note_off_c, 0,50.0,0,
2,94080, Note_off_c, 0,29.0,0,
2,94080, Note_off_c, 0,41.0,0,
2,94080, Note_on_c, 0,29.0,79,
2,94080, Note_on_c, 0,41.0,78,
2,94080, Note_on_c, 0,40.0,71,
2,94080, Note_off_c, 0,29.0,0,
2,95040, Note_off_c, 0,41.0,0,
2,95040, Note_on_c, 0,41.0,81,
2,95040, Note_on_c, 0,60.0,69,
2,95040, Note_off_c, 0,40.0,0,
2,95040, Note_off_c, 0,41.0,0,
2,95040, Note_on_c, 0,41.0,78,
2,96000, Note_off_c, 0,41.0,0,
2,96000, Note_on_c, 0,40.0,78,
2,96000, Note_on_c, 0,29.0,66,
2,96000, Note_on_c, 0,41.0,76,
2,96000, Note_off_c, 0,29.0,0,
2,96000, Note_off_c, 0,41.0,0,
2,96960, Note_on_c, 0,29.0,67,
2,96960, Note_on_c, 0,41.0,76,
2,96960, Note_off_c, 0,41.0,0,
2,96960, Note_off_c, 0,29.0,0,
2,96960, Note_on_c, 0,29.0,80,
2,96960, Note_on_c, 0,41.0,80,
2,96960, Note_off_c, 0,41.0,0,
2,96960, Note_off_c, 0,40.0,0,
2,97920, Note_on_c, 0,41.0,68,
2,97920, Note_on_c, 0,40.0,69,
2,97920, Note_off_c, 0,29.0,0,
2,97920, Note_on_c, 0,29.0,82,
2,97920, Note_off_c, 0,41.0,0,
2,97920, Note_off_c, 0,29.0,0,
2,97920, Note_on_c, 0,29.0,86,
2,97920, Note_off_c, 0,60.0,0,
2,98880, Note_on_c, 0,41.0,86,
2,98880, Note_off_c, 0,29.0,0,
2,98880, Note_off_c, 0,41.0,0,
2,98880, Note_on_c, 0,41.0,83,
2,98880, Note_on_c, 0,60.0,57,
2,98880, Note_on_c, 0,29.0,71,
2,98880, Note_off_c, 0,64.0,0,
2,98880, Note_off_c, 0,41.0,0,
2,98880, Note_on_c, 0,41.0,74,
2,98880, Note_off_c, 0,41.0,0,
2,99840, Note_off_c, 0,29.0,0,
2,99840, Note_on_c, 0,41.0,78,
2,99840, Note_off_c, 0,40.0,0,
2,99840, Note_off_c, 0,41.0,0,
2,99840, Note_on_c, 0,41.0,82,
2,99840, Note_on_c, 0,40.0,84,
2,99840, Note_on_c, 0,29.0,82,
2,99840, Note_off_c, 0,41.0,0,
2,100800, Note_off_c, 0,40.0,0,
2,100800, Note_on_c, 0,41.0,59,
2,100800, Note_on_c, 0,40.0,69,
2,100800, Note_off_c, 0,40.0,0,
2,100800, Note_off_c, 0,41.0,0,
2,100800, Note_on_c, 0,41.0,73,
2,100800, Note_off_c, 0,41.0,0,
2,100800, Note_off_c, 0,60.0,0,
2,100800, Note_off_c, 0,28.0,0,
2,100800, Note_off_c, 0,29.0,0,
2,101760, Note_on_c, 0,41.0,80,
2,101760, Note_off_c, 0,41.0,0,
2,101760, Note_on_c, 0,28.0,76,
2,101760, Note_on_c, 0,41.0,80,
2,101760, Note_on_c, 0,40.0,84,
2,101760, Note_off_c, 0,41.0,0,
2,101760, Note_on_c, 0,29.0,65,
2,101760, Note_off_c, 0,40.0,0,
2,101760, Note_on_c, 0,60.0,70,
2,101760, Note_on_c, 0,41.0,77,
2,102720, Note_off_c, 0,41.0,0,
2,102720, Note_on_c, 0,41.0,81,
2,102720, Note_off_c, 0,29.0,0,
2,102720, Note_on_c, 0,57.0,81,
2,102720, Note_off_c, 0,41.0,0,
2,102720, Note_on_c, 0,29.0,82,
2,102720, Note_off_c, 0,29.0,0,
2,102720, Note_on_c, 0,29.0,82,
2,102720, Note_off_c, 0,28.0,0,
2,102720, Note_off_c, 0,29.0,0,
2,102720, Note_on_c, 0,41.0,74,
2,102720, Note_on_c, 0,29.0,73,
2,103680, Note_off_c, 0,41.0,0,
2,103680, Note_on_c, 0,40.0,64,
2,103680, Note_off_c, 0,40.0,0,
2,103680, Note_off_c, 0,29.0,0,
2,103680, Note_on_c, 0,29.0,68,
2,103680, Note_on_c, 0,41.0,82,
2,103680, Note_off_c, 0,41.0,0,
2,103680, Note_on_c, 0,41.0,81,
2,103680, Note_off_c, 0,41.0,0,
2,103680, Note_off_c, 0,29.0,0,
2,104640, Note_on_c, 0,41.0,85,
2,104640, Note_off_c, 0,41.0,0,
2,104640, Note_on_c, 0,28.0,89,
2,104640, Note_off_c, 0,28.0,0,
2,104640, Note_on_c, 0,29.0,77,
2,104640, Note_on_c, 0,41.0,65,
2,104640, Note_off_c, 0,41.0,0,
2,104640, Note_on_c, 0,65.0,77,
2,105600, Note_on_c, 0,64.0,80,
2,105600, Note_on_c, 0,33.0,88,
2,105600, Note_off_c, 0,65.0,0,
2,105600, Note_off_c, 0,45.0,0,
2,105600, Note_on_c, 0,45.0,85,
2,105600, Note_on_c, 0,46.0,75,
2,106560, Note_on_c, 0,50.0,64,
2,106560, Note_off_c, 0,52.0,0,
2,106560, Note_on_c, 0,58.0,81,
2,106560, Note_on_c, 0,65.0,80,
2,106560, Note_off_c, 0,46.0,0,
2,106560, Note_off_c, 0,57.0,0,
2,106560, Note_off_c, 0,58.0,0,
2,106560, Note_off_c, 0,50.0,0,
2,106560, Note_off_c, 0,47.0,0,
2,106560, Note_off_c, 0,74.0,0,
2,107520, Note_on_c, 0,41.0,85,
2,107520, Note_off_c, 0,41.0,0,
2,107520, Note_on_c, 0,40.0,88,
2,107520, Note_off_c, 0,29.0,0,
2,107520, Note_on_c, 0,41.0,78,
2,107520, Note_off_c, 0,64.0,0,
2,107520, Note_off_c, 0,45.0,0,
2,107520, Note_off_c, 0,33.0,0,
2,108480, Note_on_c, 0,45.0,65,
2,108480, Note_off_c, 0,45.0,0,
2,108480, Note_off_c, 0,77.0,0,
2,108480, Note_on_c, 0,68.0,77,
2,108480, Note_on_c, 0,45.0,75,
2,108480, Note_on_c, 0,64.0,78,
2,109440, Note_on_c, 0,69.0,84,
2,109440, Note_on_c, 0,50.0,80,
2,109440, Note_on_c, 0,29.0,64,
2,109440, Note_off_c, 0,41.0,0,
2,109440, Note_off_c, 0,29.0,0,
2,109440, Note_off_c, 0,40.0,0,
2,109440, Note_on_c, 0,41.0,80,
2,109440, Note_off_c, 0,41.0,0,
2,109440, Note_on_c, 0,41.0,80,
2,109440, Note_on_c, 0,40.0,86,
2,110400, Note_off_c, 0,40.0,0,
2,110400, Note_on_c, 0,29.0,81,
2,110400, Note_off_c, 0,41.0,0,
2,110400, Note_on_c, 0,41.0,78,
2,110400, Note_off_c, 0,41.0,0,
2,110400, Note_on_c, 0,41.0,84,
2,110400, Note_off_c, 0,45.0,0,
2,110400, Note_on_c, 0,46.0,64,
2,110400, Note_on_c, 0,45.0,75,
2,110400, Note_off_c, 0,45.0,0,
2,111360, Note_on_c, 0,45.0,77,
2,111360, Note_on_c, 0,93.0,82,
2,111360, Note_on_c, 0,52.0,80,
2,111360, Note_on_c, 0,57.0,83,
2,111360, Note_off_c, 0,57.0,0,
2,111360, Note_on_c, 0,81.0,78,
2,111360, Note_off_c, 0,62.0,0,
2,111360, Note_on_c, 0,62.0,58,
2,112320, Note_off_c, 0,50.0,0,
2,112320, Note_on_c, 0,74.0,72,
2,112320, Note_on_c, 0,36.0,77,
2,112320, Note_off_c, 0,74.0,0,
2,112320, Note_off_c, 0,72.0,0,
2,112320, Note_on_c, 0,76.0,83,
2,112320, Note_on_c, 0,57.0,86,
2,112320, Note_off_c, 0,65.0,0,
2,112320, Note_off_c, 0,45.0,0,
2,112320, Note_on_c, 0,45.0,81,
2,113280, Note_off_c, 0,45.0,0,
2,113280, Note_on_c, 0,31.0,82,
2,113280, Note_on_c, 0,95.0,65,
2,113280, Note_on_c, 0,45.0,70,
2,113280, Note_off_c, 0,60.0,0,
2,113280, Note_off_c, 0,45.0,0,
2,113280, Note_on_c, 0,45.0,80,
2,113280, Note_off_c, 0,71.0,0,
2,113280, Note_off_c, 0,57.0,0,
2,113280, Note_on_c, 0,50.0,80,
2,114240, Note_off_c, 0,50.0,0,
2,114240, Note_off_c, 0,41.0,0,
2,114240, Note_on_c, 0,41.0,82,
2,114240, Note_off_c, 0,64.0,0,
2,114240, Note_off_c, 0,41.0,0,
2,114240, Note_on_c, 0,65.0,84,
2,114240, Note_off_c, 0,45.0,0,
2,114240, Note_on_c, 0,45.0,83,
2,114240, Note_off_c, 0,45.0,0,
2,114240, Note_on_c, 0,45.0,79,
2,114240, Note_off_c, 0,65.0,0,
2,114240, Note_off_c, 0,93.0,0,
2,115200, Note_off_c, 0,46.0,0,
2,115200, Note_off_c, 0,76.0,0,
2,115200, Note_off_c, 0,52.0,0,
2,115200, Note_on_c, 0,33.0,78,
2,115200, Note_off_c, 0,45.0,0,
2,115200, Note_on_c, 0,65.0,86,
2,115200, Note_on_c, 0,45.0,95,
2,115200, Note_on_c, 0,60.0,83,
2,116160, Note_off_c, 0,65.0,0,
2,116160, Note_on_c, 0,57.0,76,
2,116160, Note_on_c, 0,52.0,86,
2,116160, Note_off_c, 0,52.0,0,
2,116160, Note_off_c, 0,60.0,0,
2,116160, Note_off_c, 0,68.0,0,
2,116160, Note_on_c, 0,77.0,88,
2,116160, Note_on_c, 0,64.0,84,
2,116160, Note_off_c, 0,77.0,0,
2,116160, Note_off_c, 0,45.0,0,
2,116160, Note_on_c, 0,45.0,77,
2,116160, Note_off_c, 0,45.0,0,
2,117120, Note_on_c, 0,45.0,74,
2,117120, Note_on_c, 0,46.0,72,
2,117120, Note_off_c, 0,69.0,0,
2,117120, Note_off_c, 0,45.0,0,
2,117120, Note_on_c, 0,45.0,74,
2,117120, Note_off_c, 0,64.0,0,
2,117120, Note_off_c, 0,45.0,0,
2,117120, Note_on_c, 0,65.0,85,
2,118080, Note_on_c, 0,45.0,84,
2,118080, Note_off_c, 0,62.0,0,
2,118080, Note_on_c, 0,47.0,80,
2,118080, Note_on_c, 0,64.0,71,
2,118080, Note_on_c, 0,60.0,79,
2,118080, Note_on_c, 0,72.0,76,
2,118080, Note_on_c, 0,76.0,71,
2,118080, Note_on_c, 0,62.0,69,
2,118080, Note_on_c, 0,50.0,72,
2,118080, Note_off_c, 0,72.0,0,
2,118080, Note_off_c, 0,31.0,0,
2,118080, Note_on_c, 0,53.0,82,
2,119040, Note_on_c, 0,58.0,70,
2,119040, Note_on_c, 0,72.0,72,
2,119040, Note_on_c, 0,74.0,82,
2,119040, Note_on_c, 0,55.0,69,
2,119040, Note_off_c, 0,62.0,0,
2,119040, Note_off_c, 0,53.0,0,
2,119040, Note_on_c, 0,53.0,83,
2,119040, Note_off_c, 0,72.0,0,
2,120000, Note_on_c, 0,48.0,67,
2,120000, Note_on_c, 0,56.0,84,
2,120000, Note_off_c, 0,57.0,0,
2,120000, Note_on_c, 0,62.0,86,
2,120960, Note_off_c, 0,60.0,0,
2,120960, Note_on_c, 0,60.0,74,
2,120960, Note_on_c, 0,72.0,77,
2,120960, Note_off_c, 0,45.0,0,
2,120960, Note_on_c, 0,52.0,79,
2,120960, Note_off_c, 0,52.0,0,
2,120960, Note_on_c, 0,52.0,80,
2,120960, Note_off_c, 0,60.0,0,
2,121920, Note_off_c, 0,48.0,0,
2,121920, Note_off_c, 0,56.0,0,
2,121920, Note_off_c, 0,58.0,0,
2,121920, Note_on_c, 0,60.0,82,
2,121920, Note_on_c, 0,31.0,72,
2,121920, Note_off_c, 0,55.0,0,
2,121920, Note_off_c, 0,74.0,0,
2,121920, Note_off_c, 0,62.0,0,
2,121920, Note_off_c, 0,64.0,0,
2,121920, Note_on_c, 0,45.0,69,
2,121920, Note_on_c, 0,74.0,72,
2,121920, Note_off_c, 0,74.0,0,
2,122880, Note_on_c, 0,64.0,82,
2,122880, Note_on_c, 0,43.0,79,
2,122880, Note_off_c, 0,72.0,0,
2,122880, Note_on_c, 0,62.0,76,
2,122880, Note_on_c, 0,58.0,74,
2,122880, Note_off_c, 0,70.0,0,
2,122880, Note_off_c, 0,36.0,0,
2,122880, Note_on_c, 0,69.0,71,
2,123840, Note_off_c, 0,64.0,0,
2,123840, Note_on_c, 0,41.0,70,
2,123840, Note_off_c, 0,41.0,0,
2,123840, Note_on_c, 0,41.0,71,
2,123840, Note_on_c, 0,64.0,73,
2,123840, Note_on_c, 0,57.0,70,
2,123840, Note_off_c, 0,41.0,0,
2,123840, Note_on_c, 0,40.0,82,
2,123840, Note_off_c, 0,45.0,0,
2,123840, Note_on_c, 0,45.0,71,
2,123840, Note_off_c, 0,50.0,0,
2,123840, Note_off_c, 0,105.0,0,
2,124800, Note_off_c, 0,45.0,0,
2,124800, Note_off_c, 0,60.0,0,
2,124800, Note_on_c, 0,45.0,57,
2,124800, Note_off_c, 0,64.0,0,
2,124800, Note_off_c, 0,52.0,0,
2,124800, Note_on_c, 0,68.0,73,
2,124800, Note_on_c, 0,77.0,78,
2,124800, Note_off_c, 0,57.0,0,
2,125760, Note_off_c, 0,69.0,0,
2,125760, Note_on_c, 0,41.0,77,
2,125760, Note_on_c, 0,50.0,74,
2,125760, Note_off_c, 0,33.0,0,
2,126720, Note_off_c, 0,77.0,0,
2,126720, Note_off_c, 0,45.0,0,
2,126720, Note_off_c, 0,65.0,0,
2,126720, Note_off_c, 0,46.0,0,
2,126720, Note_on_c, 0,45.0,84,
2,126720, Note_off_c, 0,50.0,0,
2,126720, Note_on_c, 0,69.0,100,
2,126720, Note_on_c, 0,57.0,81,
2,127680, Note_off_c, 0,45.0,0,
2,127680, Note_on_c, 0,45.0,74,
2,127680, Note_on_c, 0,50.0,86,
2,127680, Note_on_c, 0,65.0,80,
2,127680, Note_off_c, 0,65.0,0,
2,127680, Note_off_c, 0,45.0,0,
2,127680, Note_on_c, 0,64.0,83,
2,127680, Note_on_c, 0,48.0,80,
2,127680, Note_off_c, 0,43.0,0,
2,127680, Note_off_c, 0,68.0,0,
2,127680, Note_off_c, 0,64.0,0,
2,127680, Note_off_c, 0,50.0,0,
2,128640, Note_on_c, 0,64.0,72,
2,128640, Note_on_c, 0,52.0,72,
2,128640, Note_on_c, 0,50.0,71,
2,128640, Note_off_c, 0,69.0,0,
2,128640, Note_off_c, 0,50.0,0,
2,128640, Note_on_c, 0,50.0,80,
2,128640, Note_on_c, 0,69.0,86,
2,128640, Note_off_c, 0,62.0,0,
2,129600, Note_off_c, 0,41.0,0,
2,129600, Note_on_c, 0,41.0,81,
2,129600, Note_off_c, 0,41.0,0,
2,129600, Note_on_c, 0,41.0,71,
2,129600, Note_on_c, 0,28.0,69,
2,129600, Note_off_c, 0,41.0,0,
2,129600, Note_on_c, 0,41.0,68,
2,129600, Note_off_c, 0,41.0,0,
2,129600, Note_off_c, 0,40.0,0,
2,129600, Note_on_c, 0,41.0,71,
2,129600, Note_on_c, 0,65.0,77,
2,129600, Note_off_c, 0,65.0,0,
2,130560, Note_on_c, 0,45.0,79,
2,130560, Note_off_c, 0,45.0,0,
2,130560, Note_off_c, 0,52.0,0,
2,130560, Note_off_c, 0,57.0,0,
2,130560, Note_on_c, 0,62.0,79,
2,130560, Note_off_c, 0,76.0,0,
2,130560, Note_off_c, 0,50.0,0,
2,130560, Note_on_c, 0,55.0,79,
2,131520, Note_on_c, 0,74.0,80,
2,131520, Note_on_c, 0,60.0,80,
2,131520, Note_off_c, 0,74.0,0,
2,131520, Note_on_c, 0,52.0,78,
2,131520, Note_on_c, 0,50.0,75,
2,131520, Note_off_c, 0,55.0,0,
2,131520, Note_on_c, 0,55.0,71,
2,131520, Note_off_c, 0,50.0,0,
2,132480, Note_on_c, 0,74.0,69,
2,132480, Note_off_c, 0,58.0,0,
2,132480, Note_off_c, 0,64.0,0,
2,132480, Note_off_c, 0,60.0,0,
2,132480, Note_on_c, 0,45.0,71,
2,132480, Note_on_c, 0,64.0,72,
2,132480, Note_on_c, 0,93.0,71,
2,132480, Note_off_c, 0,64.0,0,
2,133440, Note_on_c, 0,77.0,75,
2,133440, Note_off_c, 0,45.0,0,
2,133440, Note_on_c, 0,33.0,86,
2,133440, Note_off_c, 0,77.0,0,
2,134400, Note_on_c, 0,45.0,80,
2,134400, Note_on_c, 0,68.0,72,
2,134400, Note_on_c, 0,34.0,79,
2,134400, Note_on_c, 0,65.0,73,
2,135360, Note_off_c, 0,65.0,0,
2,135360, Note_on_c, 0,64.0,66,
2,135360, Note_on_c, 0,77.0,80,
2,135360, Note_off_c, 0,33.0,0,
2,136320, Note_off_c, 0,45.0,0,
2,136320, Note_on_c, 0,50.0,81,
2,136320, Note_off_c, 0,52.0,0,
2,136320, Note_on_c, 0,57.0,70,
2,136320, Note_off_c, 0,57.0,0,
2,136320, Note_off_c, 0,41.0,0,
2,137280, Note_on_c, 0,45.0,76,
2,137280, Note_on_c, 0,76.0,72,
2,137280, Note_off_c, 0,45.0,0,
2,137280, Note_on_c, 0,45.0,69,
2,138240, Note_off_c, 0,64.0,0,
2,138240, Note_off_c, 0,77.0,0,
2,138240, Note_on_c, 0,60.0,71,
2,138240, Note_off_c, 0,74.0,0,
2,138240, Note_on_c, 0,52.0,66,
2,138240, Note_off_c, 0,69.0,0,
2,139200, Note_on_c, 0,57.0,80,
2,139200, Note_off_c, 0,50.0,0,
2,139200, Note_on_c, 0,64.0,82,
2,139200, Note_off_c, 0,55.0,0,
2,139200, Note_on_c, 0,43.0,78,
2,139200, Note_on_c, 0,72.0,84,
2,139200, Note_off_c, 0,43.0,0,
2,139200, Note_off_c, 0,72.0,0,
2,139200, Note_on_c, 0,55.0,76,
2,139200, Note_off_c, 0,76.0,0,
2,139200, Note_on_c, 0,43.0,71,
2,139200, Note_on_c, 0,46.0,67,
2,140160, Note_off_c, 0,45.0,0,
2,140160, Note_on_c, 0,33.0,77,
2,140160, Note_off_c, 0,60.0,0,
2,140160, Note_on_c, 0,45.0,84,
2,140160, Note_on_c, 0,50.0,79,
2,140160, Note_on_c, 0,71.0,72,
2,140160, Note_on_c, 0,58.0,69,
2,140160, Note_off_c, 0,62.0,0,
2,141120, Note_on_c, 0,62.0,78,
2,141120, Note_off_c, 0,64.0,0,
2,141120, Note_on_c, 0,60.0,72,
2,141120, Note_off_c, 0,62.0,0,
2,141120, Note_on_c, 0,62.0,71,
2,141120, Note_on_c, 0,65.0,79,
2,141120, Note_on_c, 0,76.0,79,
2,141120, Note_off_c, 0,45.0,0,
2,141120, Note_on_c, 0,45.0,81,
2,141120, Note_off_c, 0,50.0,0,
2,141120, Note_off_c, 0,33.0,0,
2,141120, Note_off_c, 0,76.0,0,
2,142080, Note_off_c, 0,65.0,0,
2,142080, Note_on_c, 0,64.0,83,
2,142080, Note_on_c, 0,65.0,84,
2,142080, Note_on_c, 0,76.0,81,
2,142080, Note_off_c, 0,46.0,0,
2,142080, Note_off_c, 0,45.0,0,
2,142080, Note_off_c, 0,62.0,0,
2,142080, Note_on_c, 0,40.0,75,
2,143040, Note_on_c, 0,72.0,79,
2,143040, Note_off_c, 0,58.0,0,
2,143040, Note_on_c, 0,56.0,70,
2,143040, Note_on_c, 0,50.0,83,
2,144000, Note_on_c, 0,33.0,78,
2,144000, Note_on_c, 0,45.0,71,
2,144000, Note_on_c, 0,46.0,84,
2,144000, Note_on_c, 0,62.0,78,
2,144000, Note_off_c, 0,33.0,0,
2,144000, Note_off_c, 0,76.0,0,
2,144000, Note_off_c, 0,65.0,0,
2,144000, Note_off_c, 0,93.0,0,
2,144960, Note_off_c, 0,45.0,0,
2,144960, Note_on_c, 0,45.0,78,
2,144960, Note_off_c, 0,60.0,0,
2,144960, Note_off_c, 0,64.0,0,
2,144960, Note_off_c, 0,50.0,0,
2,144960, Note_on_c, 0,50.0,78,
2,144960, Note_off_c, 0,47.0,0,
2,144960, Note_on_c, 0,83.0,75,
2,145920, Note_off_c, 0,57.0,0,
2,145920, Note_on_c, 0,60.0,84,
2,145920, Note_on_c, 0,57.0,84,
2,145920, Note_on_c, 0,69.0,85,
2,145920, Note_off_c, 0,50.0,0,
2,145920, Note_off_c, 0,48.0,0,
2,145920, Note_off_c, 0,69.0,0,
2,145920, Note_off_c, 0,52.0,0,
2,145920, Note_on_c, 0,69.0,70,
2,145920, Note_off_c, 0,45.0,0,
2,145920, Note_on_c, 0,77.0,71,
2,145920, Note_on_c, 0,41.0,75,
2,146880, Note_on_c, 0,45.0,76,
2,146880, Note_off_c, 0,45.0,0,
2,146880, Note_off_c, 0,60.0,0,
2,146880, Note_on_c, 0,50.0,74,
2,146880, Note_off_c, 0,46.0,0,
2,146880, Note_on_c, 0,45.0,70,
2,146880, Note_on_c, 0,105.0,65,
2,146880, Note_on_c, 0,65.0,66,
2,146880, Note_off_c, 0,50.0,0,
2,146880, Note_on_c, 0,50.0,79,
2,146880, Note_off_c, 0,62.0,0,
2,146880, Note_on_c, 0,76.0,87,
2,147840, Note_off_c, 0,69.0,0,
2,147840, Note_off_c, 0,55.0,0,
2,147840, Note_on_c, 0,64.0,72,
2,147840, Note_on_c, 0,74.0,77,
2,147840, Note_on_c, 0,62.0,74,
2,147840, Note_off_c, 0,53.0,0,
2,148800, Note_off_c, 0,50.0,0,
2,148800, Note_off_c, 0,56.0,0,
2,148800, Note_on_c, 0,50.0,77,
2,148800, Note_off_c, 0,57.0,0,
2,149760, Note_on_c, 0,52.0,91,
2,149760, Note_on_c, 0,47.0,73,
2,149760, Note_off_c, 0,50.0,0,
2,149760, Note_off_c, 0,52.0,0,
2,149760, Note_on_c, 0,57.0,75,
2,149760, Note_off_c, 0,57.0,0,
2,150720, Note_off_c, 0,41.0,0,
2,150720, Note_off_c, 0,45.0,0,
2,150720, Note_on_c, 0,46.0,84,
2,150720, Note_on_c, 0,45.0,72,
2,150720, Note_off_c, 0,45.0,0,
2,150720, Note_off_c, 0,46.0,0,
2,151680, Note_on_c, 0,84.0,87,
2,151680, Note_on_c, 0,50.0,75,
2,151680, Note_on_c, 0,33.0,69,
2,151680, Note_on_c, 0,45.0,81,
2,151680, Note_off_c, 0,67.0,0,
2,151680, Note_on_c, 0,60.0,70,
2,151680, Note_off_c, 0,45.0,0,
2,151680, Note_off_c, 0,74.0,0,
2,152640, Note_off_c, 0,43.0,0,
2,152640, Note_on_c, 0,70.0,78,
2,152640, Note_on_c, 0,38.0,74,
2,152640, Note_off_c, 0,64.0,0,
2,152640, Note_on_c, 0,53.0,71,
2,152640, Note_on_c, 0,64.0,89,
2,153600, Note_on_c, 0,67.0,74,
2,153600, Note_on_c, 0,45.0,78,
2,153600, Note_off_c, 0,50.0,0,
2,153600, Note_on_c, 0,48.0,82,
2,153600, Note_on_c, 0,69.0,72,
2,153600, Note_on_c, 0,57.0,86,
2,154560, Note_on_c, 0,50.0,77,
2,154560, Note_off_c, 0,64.0,0,
2,154560, Note_off_c, 0,84.0,0,
2,154560, Note_off_c, 0,29.0,0,
2,154560, Note_off_c, 0,60.0,0,
2,154560, Note_on_c, 0,41.0,59,
2,154560, Note_off_c, 0,45.0,0,
2,154560, Note_on_c, 0,45.0,80,
2,155520, Note_off_c, 0,50.0,0,
2,155520, Note_off_c, 0,62.0,0,
2,155520, Note_on_c, 0,50.0,90,
2,158400, Note_off_c, 0,68.0,0,
2,158400, Note_on_c, 0,62.0,57,
2,158400, Note_on_c, 0,52.0,67,
2,158400, Note_off_c, 0,69.0,0,
2,159360, Note_off_c, 0,52.0,0,
2,159360, Note_on_c, 0,60.0,75,
2,161280, Note_off_c, 0,48.0,0,
2,161280, Note_off_c, 0,45.0,0,
2,161280, Note_on_c, 0,68.0,76,
2,161280, Note_on_c, 0,46.0,68,
2,164160, Note_off_c, 0,95.0,0,
2,164160, Note_off_c, 0,76.0,0,
2,164160, Note_off_c, 0,47.0,0,
2,164160, Note_off_c, 0,65.0,0,
2,165120, Note_on_c, 0,76.0,55,
2,165120, Note_on_c, 0,64.0,61,
2,167040, Note_on_c, 0,45.0,79,
2,167040, Note_off_c, 0,64.0,0,
2,167040, Note_off_c, 0,46.0,0,
2,167040, Note_on_c, 0,95.0,77,
2,169920, Note_on_c, 0,93.0,63,
2,169920, Note_off_c, 0,72.0,0,
2,169920, Note_off_c, 0,60.0,0,
2,169920, Note_off_c, 0,50.0,0,
2,170880, Note_off_c, 0,83.0,0,
2,170880, Note_on_c, 0,52.0,52,
2,172800, Note_off_c, 0,57.0,0,
2,172800, Note_off_c, 0,41.0,0,
2,172800, Note_on_c, 0,50.0,57,
2,172800, Note_off_c, 0,50.0,0,
2,175680, Note_on_c, 0,48.0,74,
2,175680, Note_on_c, 0,57.0,74,
2,175680, Note_off_c, 0,45.0,0,
2,175680, Note_on_c, 0,46.0,69,
2,176640, Note_off_c, 0,38.0,0,
2,176640, Note_on_c, 0,45.0,55,
2,177600, Note_on_c, 0,64.0,55,
2,177600, Note_on_c, 0,65.0,105,
2, 178561, End_track,,,,
0, 0, End_of_file,,,,
